Peptide Sequence	Prev AA	Next AA	Start	End	Peptide Length	Charges	Protein	Protein ID	Entry Name	Gene	Protein Description	Mapped Genes	Mapped Proteins	110714_yeast_ups1_2fmol_r1 Spectral Count	110714_yeast_ups1_2fmol_r2 Spectral Count	110714_yeast_ups1_2fmol_r3 Spectral Count	110714_yeast_ups1_2fmol_r1 Intensity	110714_yeast_ups1_2fmol_r2 Intensity	110714_yeast_ups1_2fmol_r3 Intensity	110714_yeast_ups1_2fmol_r1 MaxLFQ Intensity	110714_yeast_ups1_2fmol_r2 MaxLFQ Intensity	110714_yeast_ups1_2fmol_r3 MaxLFQ Intensity	110714_yeast_ups1_2fmol_r1 Match Type	110714_yeast_ups1_2fmol_r2 Match Type	110714_yeast_ups1_2fmol_r3 Match Type
AADETAAAFYPSK	K	I	27	40	13	2	sp|P32263|P5CR_YEAST				sp|P32263|P5CR_YEAST Pyrroline-5-carboxylate reductase OS=Saccharomyces cerevisiae (strain ATCC 204508 / S288c) OX=559292 GN=PRO3 PE=1 SV=1			1	0	0	3298586.5	0.0	0.0	0.0	0.0	0.0	MS/MS	unmatched	unmatched
ADTLTAQELQQFK	K	S	181	194	13	2	sp|P32468|CDC12_YEAST				sp|P32468|CDC12_YEAST Cell division control protein 12 OS=Saccharomyces cerevisiae (strain ATCC 204508 / S288c) OX=559292 GN=CDC12 PE=1 SV=1			0	1	0	0.0	562298.06	0.0	0.0	0.0	0.0	unmatched	MS/MS	unmatched
AFVVEVMGR	R	H	370	379	9	2	sp|Q03215|PFKA1_KLULA				sp|Q03215|PFKA1_KLULA ATP-dependent 6-phosphofructokinase subunit alpha OS=Kluyveromyces lactis (strain ATCC 8585 / CBS 2359 / DSM 70799 / NBRC 1267 / NRRL Y-1140 / WM37) OX=284590 GN=PFK1 PE=1 SV=1		sp|O94200|PFKA2_CANAX,sp|O94201|PFKA1_CANAX,sp|P16861|PFKA1_YEAST,sp|P16862|PFKA2_YEAST,sp|P59680|PFKA_YARLI,sp|Q03216|PFKA2_KLULA,sp|Q8NJU8|PFKA1_PICPA,sp|Q92448|PFKA1_KOMPG	0	0	1	0.0	0.0	3920620.5	0.0	0.0	0.0	unmatched	unmatched	MS/MS
AGILNDAWATSK	K	N	93	105	12	2	sp|Q02608|RT16_YEAST				sp|Q02608|RT16_YEAST 37S ribosomal protein S16			0	0	1	0.0	0.0	806871.4	0.0	0.0	0.0	unmatched	unmatched	MS/MS
AIDEQFGSLDELIK	K	L	132	146	14	2	sp|P00447|SODM_YEAST				sp|P00447|SODM_YEAST Superoxide dismutase [Mn]			1	0	0	3152464.0	0.0	0.0	0.0	0.0	0.0	MS/MS	unmatched	unmatched
AIQQAADEVASGK	K	L	98	111	13	2	sp|P08417|FUMH_YEAST				sp|P08417|FUMH_YEAST Fumarate hydratase			1	0	0	4.7285436E7	0.0	0.0	0.0	0.0	0.0	MS/MS	unmatched	unmatched
AIVSTGLDLGNATIEK	K	L	249	265	16	2	sp|P36139|PET10_YEAST				sp|P36139|PET10_YEAST Protein PET10 OS=Saccharomyces cerevisiae (strain ATCC 204508 / S288c) OX=559292 GN=PET10 PE=1 SV=3			1	0	0	1608406.5	0.0	0.0	0.0	0.0	0.0	MS/MS	unmatched	unmatched
ANFEIDLPDAK	K	M	188	199	11	2	sp|P46655|SYEC_YEAST				sp|P46655|SYEC_YEAST Glutamate--tRNA ligase			0	1	0	0.0	1792064.2	0.0	0.0	0.0	0.0	unmatched	MS/MS	unmatched
ANGTTVLVGMPAGAK	R	C	262	277	15	2	sp|P00330|ADH1_YEAST				sp|P00330|ADH1_YEAST Alcohol dehydrogenase 1 OS=Saccharomyces cerevisiae (strain ATCC 204508 / S288c) OX=559292 GN=ADH1 PE=1 SV=5			1	0	0	2.2278954E7	0.0	0.0	0.0	0.0	0.0	MS/MS	unmatched	unmatched
APQALMLAPTR	K	E	91	102	11	2	sp|Q6FQQ6|IF4A_CANGA				sp|Q6FQQ6|IF4A_CANGA ATP-dependent RNA helicase eIF4A OS=Candida glabrata (strain ATCC 2001 / CBS 138 / JCM 3761 / NBRC 0622 / NRRL Y-65) OX=284593 GN=TIF1 PE=3 SV=1		sp|A6ZQJ1|IF4A_YEAS7,sp|P10081|IF4A_YEAST	0	2	0	0.0	3.1385848E7	0.0	0.0	0.0	0.0	unmatched	MS/MS	unmatched
AQFETLTAPLVK	R	R	326	338	12	2	sp|P0CS91|HSP77_YEASX				mitochondrial OS=Saccharomyces cerevisiae (strain ATCC 204508 / S288c) OX=559292 GN=SSC1 PE=1 SV=1		sp|P0CS90|HSP77_YEAST	1	0	0	0.0	0.0	0.0	0.0	0.0	0.0	MS/MS	unmatched	unmatched
AQMEQLEAEEASK	R	W	29	42	13	2	sp|Q3E772|LSO2_YEAST				sp|Q3E772|LSO2_YEAST Protein LSO2 OS=Saccharomyces cerevisiae (strain ATCC 204508 / S288c) OX=559292 GN=LSO2 PE=1 SV=1			1	0	0	857225.44	0.0	0.0	0.0	0.0	0.0	MS/MS	unmatched	unmatched
CSCSGSTYEIVR	K	R	414	426	12	2	sp|P32327|PYC2_YEAST				sp|P32327|PYC2_YEAST Pyruvate carboxylase 2 OS=Saccharomyces cerevisiae (strain ATCC 204508 / S288c) OX=559292 GN=PYC2 PE=1 SV=2		sp|P11154|PYC1_YEAST	0	1	0	0.0	5231686.0	0.0	0.0	0.0	0.0	unmatched	MS/MS	unmatched
DAIEAYDLVR	K	A	340	350	10	2	sp|P22144|XYL2_PICST				sp|P22144|XYL2_PICST D-xylulose reductase OS=Scheffersomyces stipitis (strain ATCC 58785 / CBS 6054 / NBRC 10063 / NRRL Y-11545) OX=322104 GN=XYL2 PE=2 SV=1			1	0	0	9612416.0	0.0	0.0	0.0	0.0	0.0	MS/MS	unmatched	unmatched
DALGGGMISFR	R	I	302	313	11	2	sp|P31373|CYS3_YEAST				sp|P31373|CYS3_YEAST Cystathionine gamma-lyase OS=Saccharomyces cerevisiae (strain ATCC 204508 / S288c) OX=559292 GN=CYS3 PE=1 SV=2			1	0	0	3411336.2	0.0	0.0	0.0	0.0	0.0	MS/MS	unmatched	unmatched
DATSDKITQDAAEAIKK	R	Y	66	83	17	3	sp|P21954|IDHP_YEAST				sp|P21954|IDHP_YEAST Isocitrate dehydrogenase [NADP]			0	0	1	0.0	0.0	1993949.6	0.0	0.0	0.0	unmatched	unmatched	MS/MS
DLALACGNNER	K	S	393	404	11	2	sp|P21954|IDHP_YEAST				sp|P21954|IDHP_YEAST Isocitrate dehydrogenase [NADP]			0	0	1	0.0	0.0	0.0	0.0	0.0	0.0	unmatched	unmatched	MS/MS
DSTLIMQLLR	K	D	218	228	10	2	sp|P34730|BMH2_YEAST				sp|P34730|BMH2_YEAST Protein BMH2 OS=Saccharomyces cerevisiae (strain ATCC 204508 / S288c) OX=559292 GN=BMH2 PE=1 SV=3		sp|O42766|1433_CANAL,sp|P29311|BMH1_YEAST,sp|P42656|RAD24_SCHPO,sp|P42657|RAD25_SCHPO,sp|Q96299|14339_ARATH	1	0	0	8417912.0	0.0	0.0	0.0	0.0	0.0	MS/MS	unmatched	unmatched
ELISNASDALDK	R	I	33	45	12	2	sp|P02829|HSP82_YEAST				sp|P02829|HSP82_YEAST ATP-dependent molecular chaperone HSP82 OS=Saccharomyces cerevisiae (strain ATCC 204508 / S288c) OX=559292 GN=HSP82 PE=1 SV=1		sp|P15108|HSC82_YEAST,sp|P46598|HSP90_CANAL,sp|Q8J2M3|HSP82_ASHGO	1	0	0	0.0	0.0	0.0	0.0	0.0	0.0	MS/MS	unmatched	unmatched
ENVEKNEQER	R	V	145	155	10	2	sp|Q5A061|YME2_CANAL				sp|Q5A061|YME2_CANAL Mitochondrial escape protein 2 OS=Candida albicans (strain SC5314 / ATCC MYA-2876) OX=237561 GN=PRP13 PE=3 SV=2			1	0	0	0.0	0.0	0.0	0.0	0.0	0.0	MS/MS	unmatched	unmatched
EYPELTR	K	N	424	431	7	2	sp|Q9HFW3|TRF5_ASHGO				sp|Q9HFW3|TRF5_ASHGO Poly(A) RNA polymerase protein 1 OS=Ashbya gossypii (strain ATCC 10895 / CBS 109.51 / FGSC 9923 / NRRL Y-1056) OX=284811 GN=TRF5 PE=3 SV=1			0	1	0	0.0	0.0	0.0	0.0	0.0	0.0	unmatched	MS/MS	unmatched
FALGNSNPSALR	R	E	464	476	12	2	sp|P25694|CDC48_YEAST				sp|P25694|CDC48_YEAST Cell division control protein 48 OS=Saccharomyces cerevisiae (strain ATCC 204508 / S288c) OX=559292 GN=CDC48 PE=1 SV=3			0	1	0	0.0	0.0	0.0	0.0	0.0	0.0	unmatched	MS/MS	unmatched
FEELCADLFR	R	S	301	311	10	2	sp|P41797|HSP71_CANAL				sp|P41797|HSP71_CANAL Heat shock protein SSA1 OS=Candida albicans (strain SC5314 / ATCC MYA-2876) OX=237561 GN=SSA1 PE=1 SV=2		sp|O59855|HSP72_SCHPO,sp|P09435|HSP73_YEAST,sp|P10591|HSP71_YEAST,sp|P10592|HSP72_YEAST,sp|P22202|HSP74_YEAST,sp|P46587|HSP72_CANAL,sp|Q10265|HSP71_SCHPO	0	1	0	0.0	5886956.5	0.0	0.0	0.0	0.0	unmatched	MS/MS	unmatched
FIGDVSGER	K	S	944	953	9	2	sp|P33327|DHE2_YEAST				sp|P33327|DHE2_YEAST NAD-specific glutamate dehydrogenase OS=Saccharomyces cerevisiae (strain ATCC 204508 / S288c) OX=559292 GN=GDH2 PE=1 SV=1			0	1	0	0.0	8825822.0	0.0	0.0	0.0	0.0	unmatched	MS/MS	unmatched
FLDVLNNK	K	Y	52	60	8	2	sp|Q12298|YD061_YEAST				sp|Q12298|YD061_YEAST Uncharacterized ABC transporter ATP-binding protein YDR061W OS=Saccharomyces cerevisiae (strain ATCC 204508 / S288c) OX=559292 GN=YDR061W PE=1 SV=1			1	0	0	0.0	0.0	0.0	0.0	0.0	0.0	MS/MS	unmatched	unmatched
FLQLANEDPR	R	Y	792	802	10	2	sp|P20967|ODO1_YEAST				sp|P20967|ODO1_YEAST 2-oxoglutarate dehydrogenase			0	1	0	0.0	0.0	0.0	0.0	0.0	0.0	unmatched	MS/MS	unmatched
FVWEPALVK	K	I	495	504	9	2	sp|P42943|TCPH_YEAST				sp|P42943|TCPH_YEAST T-complex protein 1 subunit eta OS=Saccharomyces cerevisiae (strain ATCC 204508 / S288c) OX=559292 GN=CCT7 PE=1 SV=1			1	0	0	1889087.0	0.0	0.0	0.0	0.0	0.0	MS/MS	unmatched	unmatched
GAVIDEQAMTDALR	R	S	255	269	14	2	sp|P53839|GOR1_YEAST				sp|P53839|GOR1_YEAST Glyoxylate reductase 1 OS=Saccharomyces cerevisiae (strain ATCC 204508 / S288c) OX=559292 GN=GOR1 PE=1 SV=1			1	0	0	763810.0	0.0	0.0	0.0	0.0	0.0	MS/MS	unmatched	unmatched
GLNVALVEK	R	G	90	99	9	2	sp|P32191|GPDM_YEAST				sp|P32191|GPDM_YEAST Glycerol-3-phosphate dehydrogenase			1	0	0	1.2938144E7	0.0	0.0	0.0	0.0	0.0	MS/MS	unmatched	unmatched
GLVEDANAAAK	R	D	153	164	11	2	sp|P38088|SYG_YEAST				sp|P38088|SYG_YEAST Glycine--tRNA ligase 1			0	1	0	0.0	4321592.5	0.0	0.0	0.0	0.0	unmatched	MS/MS	unmatched
GQVVSEEQRPGTPLFTVK	R	A	752	770	18	3	sp|Q875Z2|EF2_NAUCC				sp|Q875Z2|EF2_NAUCC Elongation factor 2 OS=Naumovozyma castellii (strain ATCC 76901 / BCRC 22586 / CBS 4309 / NBRC 1992 / NRRL Y-12630) OX=1064592 GN=EFT1 PE=3 SV=1		sp|A5DI11|EF2_PICGU,sp|P32324|EF2_YEAST,sp|Q6CPQ9|EF2_KLULA,sp|Q6FYA7|EF2_CANGA,sp|Q754C8|EF2_ASHGO,sp|Q875S0|EF2_LACK1	1	0	0	2.9932324E7	0.0	0.0	0.0	0.0	0.0	MS/MS	unmatched	unmatched
HGQFAADLTAK	K	T	321	332	11	2	sp|P32454|APE2_YEAST				sp|P32454|APE2_YEAST Aminopeptidase 2			0	1	0	0.0	0.0	0.0	0.0	0.0	0.0	unmatched	MS/MS	unmatched
HLFPPGVK	K	K	201	209	8	2	sp|Q6BYD9|IMP4_DEBHA				sp|Q6BYD9|IMP4_DEBHA U3 small nucleolar ribonucleoprotein protein IMP4 OS=Debaryomyces hansenii (strain ATCC 36239 / CBS 767 / BCRC 21394 / JCM 1990 / NBRC 0083 / IGC 2968) OX=284592 GN=IMP4 PE=3 SV=2		sp|Q6C804|IMP4_YARLI	0	1	0	0.0	0.0	0.0	0.0	0.0	0.0	unmatched	MS/MS	unmatched
IAEQYLVPSAK	K	K	779	790	11	2	sp|P36775|LONM_YEAST				sp|P36775|LONM_YEAST Lon protease homolog		sp|Q6FPE6|LONM_CANGA	0	1	0	0.0	2291756.8	0.0	0.0	0.0	0.0	unmatched	MS/MS	unmatched
IGLDCASSEFFK	K	D	244	256	12	2	sp|Q6FQY4|ENO2_CANGA				sp|Q6FQY4|ENO2_CANGA Enolase 2 OS=Candida glabrata (strain ATCC 2001 / CBS 138 / JCM 3761 / NBRC 0622 / NRRL Y-65) OX=284593 GN=ENO2 PE=3 SV=1		sp|P00924|ENO1_YEAST,sp|P00925|ENO2_YEAST	1	0	0	2.5420918E7	0.0	0.0	0.0	0.0	0.0	MS/MS	unmatched	unmatched
IGLFGGAGVGK	K	T	199	210	11	2	sp|P22068|ATPB_SCHPO				sp|P00830|ATPB_YEAST ATP synthase subunit beta		sp|C0HK52|ATPB_PICAN,sp|P00830|ATPB_YEAST,sp|P49376|ATPB_KLULA,sp|Q6CFT7|ATPB_YARLI	0	1	0	0.0	4.9110512E7	0.0	0.0	0.0	0.0	unmatched	MS/MS	unmatched
IIEFIPEPK	K	K	200	209	9	2	sp|Q6FWV1|ART10_CANGA				sp|Q6FWV1|ART10_CANGA Arrestin-related trafficking adapter 10 OS=Candida glabrata (strain ATCC 2001 / CBS 138 / JCM 3761 / NBRC 0622 / NRRL Y-65) OX=284593 GN=ART10 PE=3 SV=1			0	1	0	0.0	0.0	0.0	0.0	0.0	0.0	unmatched	MS/MS	unmatched
ILSAEER	R	L	142	149	7	2	sp|Q10426|RIK1_SCHPO				sp|Q10426|RIK1_SCHPO Chromatin modification-related protein rik1 OS=Schizosaccharomyces pombe (strain 972 / ATCC 24843) OX=284812 GN=rik1 PE=1 SV=2			0	1	0	0.0	3.1747064E7	0.0	0.0	0.0	0.0	unmatched	MS/MS	unmatched
ISIIEENSPER	R	Q	479	490	11	2	sp|P06738|PHSG_YEAST				sp|P06738|PHSG_YEAST Glycogen phosphorylase OS=Saccharomyces cerevisiae (strain ATCC 204508 / S288c) OX=559292 GN=GPH1 PE=1 SV=4			0	0	1	0.0	0.0	1563900.1	0.0	0.0	0.0	unmatched	unmatched	MS/MS
IVEIPGEVPPGK	K	Y	135	147	12	2	sp|Q12408|NPC2_YEAST				sp|Q12408|NPC2_YEAST Phosphatidylglycerol/phosphatidylinositol transfer protein OS=Saccharomyces cerevisiae (strain ATCC 204508 / S288c) OX=559292 GN=NPC2 PE=1 SV=1			1	0	0	1890967.2	0.0	0.0	0.0	0.0	0.0	MS/MS	unmatched	unmatched
IYIDSNNSPEK	K	F	888	899	11	2	sp|P22137|CLH_YEAST				sp|P22137|CLH_YEAST Clathrin heavy chain OS=Saccharomyces cerevisiae (strain ATCC 204508 / S288c) OX=559292 GN=CHC1 PE=1 SV=1			1	0	0	5210213.5	0.0	0.0	0.0	0.0	0.0	MS/MS	unmatched	unmatched
LAFTGSTEVGK	K	S	245	256	11	2	sp|P54115|ALDH6_YEAST				sp|P54115|ALDH6_YEAST Magnesium-activated aldehyde dehydrogenase			0	1	0	0.0	2.9511916E7	0.0	0.0	0.0	0.0	unmatched	MS/MS	unmatched
LASNLANVGDAK	K	T	375	387	12	2	sp|P06106|CYSD_YEAST				sp|P06106|CYSD_YEAST Homocysteine/cysteine synthase OS=Saccharomyces cerevisiae (strain ATCC 204508 / S288c) OX=559292 GN=MET17 PE=1 SV=3			1	0	0	1.059123E7	0.0	0.0	0.0	0.0	0.0	MS/MS	unmatched	unmatched
LDENNAQLSCITK	K	Q	212	225	13	2	sp|P32379|PSA5_YEAST				sp|P32379|PSA5_YEAST Proteasome subunit alpha type-5 OS=Saccharomyces cerevisiae (strain ATCC 204508 / S288c) OX=559292 GN=PUP2 PE=1 SV=2			2	0	0	1.1569651E7	0.0	0.0	0.0	0.0	0.0	MS/MS	unmatched	unmatched
LGDLALLR	K	R	902	910	8	2	sp|P24276|SSD1_YEAST				sp|P24276|SSD1_YEAST Protein SSD1 OS=Saccharomyces cerevisiae (strain ATCC 204508 / S288c) OX=559292 GN=SSD1 PE=1 SV=1			0	1	0	0.0	681716.5	0.0	0.0	0.0	0.0	unmatched	MS/MS	unmatched
LIDDMVAQMIK	R	S	275	286	11	2	sp|O13285|IDH1_CANTR				sp|O13285|IDH1_CANTR Isocitrate dehydrogenase [NADP]		sp|P21954|IDHP_YEAST	0	1	0	0.0	792287.06	0.0	0.0	0.0	0.0	unmatched	MS/MS	unmatched
LLEEVEGSCTGK	K	F	30	42	12	2	sp|P34087|RPB7_YEAST				sp|P34087|RPB7_YEAST DNA-directed RNA polymerase II subunit RPB7 OS=Saccharomyces cerevisiae (strain ATCC 204508 / S288c) OX=559292 GN=RPB7 PE=1 SV=1			1	0	0	1095884.8	0.0	0.0	0.0	0.0	0.0	MS/MS	unmatched	unmatched
LVIDDQFNSK	R	F	328	338	10	2	sp|P09624|DLDH_YEAST				sp|P09624|DLDH_YEAST Dihydrolipoyl dehydrogenase			0	0	1	0.0	0.0	1.8344716E7	0.0	0.0	0.0	unmatched	unmatched	MS/MS
MLVDGAGNIK	K	L	45	55	10	2	sp|P39079|TCPZ_YEAST				sp|P39079|TCPZ_YEAST T-complex protein 1 subunit zeta OS=Saccharomyces cerevisiae (strain ATCC 204508 / S288c) OX=559292 GN=CCT6 PE=1 SV=1			1	0	0	2552297.0	0.0	0.0	0.0	0.0	0.0	MS/MS	unmatched	unmatched
MQNIAQTR	K	E	723	731	8	2	sp|P53622|COPA_YEAST				sp|P53622|COPA_YEAST Coatomer subunit alpha OS=Saccharomyces cerevisiae (strain ATCC 204508 / S288c) OX=559292 GN=COP1 PE=1 SV=2			0	1	0	0.0	813420.6	0.0	0.0	0.0	0.0	unmatched	MS/MS	unmatched
NANPWGGYSQVQSK	K	-	140	154	14	2	sp|P00424|COX5A_YEAST				sp|P00424|COX5A_YEAST Cytochrome c oxidase subunit 5A		sp|P00425|COX5B_YEAST	1	0	0	1.0717882E7	0.0	0.0	0.0	0.0	0.0	MS/MS	unmatched	unmatched
NAPAAVLYEDGLK	R	E	36	49	13	2	sp|P10963|PCKA_YEAST				sp|P10963|PCKA_YEAST Phosphoenolpyruvate carboxykinase (ATP) OS=Saccharomyces cerevisiae (strain ATCC 204508 / S288c) OX=559292 GN=PCK1 PE=1 SV=2			1	0	0	0.0	0.0	0.0	0.0	0.0	0.0	MS/MS	unmatched	unmatched
NCEIQPASQIQEK	K	G	90	103	13	2	sp|P53303|ZPR1_YEAST				sp|P53303|ZPR1_YEAST Zinc finger protein ZPR1 OS=Saccharomyces cerevisiae (strain ATCC 204508 / S288c) OX=559292 GN=ZPR1 PE=1 SV=1			1	0	0	1845408.4	0.0	0.0	0.0	0.0	0.0	MS/MS	unmatched	unmatched
NDLTASQLSDK	R	I	129	140	11	2	sp|P15703|BGL2_YEAST				sp|P15703|BGL2_YEAST Glucan 1			0	1	0	0.0	2213378.2	0.0	0.0	0.0	0.0	unmatched	MS/MS	unmatched
NGAGSATLSMAHAGAK	K	F	236	252	16	2	sp|P17505|MDHM_YEAST				sp|P17505|MDHM_YEAST Malate dehydrogenase			1	0	0	3176844.2	0.0	0.0	0.0	0.0	0.0	MS/MS	unmatched	unmatched
NLAQLLGYENK	K	D	250	261	11	2	sp|P00890|CISY1_YEAST				sp|P00890|CISY1_YEAST Citrate synthase			1	0	0	0.0	0.0	0.0	0.0	0.0	0.0	MS/MS	unmatched	unmatched
NLIVTNAAGGINAK	R	Y	128	142	14	2	sp|Q05788|PNPH_YEAST				sp|Q05788|PNPH_YEAST Purine nucleoside phosphorylase OS=Saccharomyces cerevisiae (strain ATCC 204508 / S288c) OX=559292 GN=PNP1 PE=1 SV=1			0	0	1	0.0	0.0	1057087.6	0.0	0.0	0.0	unmatched	unmatched	MS/MS
NQAAMNPSNTVFDAK	K	R	55	70	15	2	sp|P10591|HSP71_YEAST				sp|P10591|HSP71_YEAST Heat shock protein SSA1 OS=Saccharomyces cerevisiae (strain ATCC 204508 / S288c) OX=559292 GN=SSA1 PE=1 SV=4			0	0	1	0.0	0.0	1.30232032E8	0.0	0.0	0.0	unmatched	unmatched	MS/MS
NQEIFDANVQR	R	L	105	116	11	2	sp|Q12690|RL13A_YEAST				sp|Q12690|RL13A_YEAST 60S ribosomal protein L13-A OS=Saccharomyces cerevisiae (strain ATCC 204508 / S288c) OX=559292 GN=RPL13A PE=1 SV=1		sp|P40212|RL13B_YEAST	0	1	0	0.0	2.7337058E7	0.0	0.0	0.0	0.0	unmatched	MS/MS	unmatched
NQLESIAYSLK	K	N	537	548	11	2	sp|P10591|HSP71_YEAST				sp|P10591|HSP71_YEAST Heat shock protein SSA1 OS=Saccharomyces cerevisiae (strain ATCC 204508 / S288c) OX=559292 GN=SSA1 PE=1 SV=4			0	0	1	0.0	0.0	1.08137E8	0.0	0.0	0.0	unmatched	unmatched	MS/MS
NQLESYAFTLK	K	N	538	549	11	2	sp|P09435|HSP73_YEAST				sp|P09435|HSP73_YEAST Heat shock protein SSA3 OS=Saccharomyces cerevisiae (strain ATCC 204508 / S288c) OX=559292 GN=SSA3 PE=1 SV=3		sp|P22202|HSP74_YEAST	1	0	0	4323080.5	0.0	0.0	0.0	0.0	0.0	MS/MS	unmatched	unmatched
NVAAGCNPMDLR	K	R	143	155	12	2	sp|P50142|HSP60_AJECA				sp|P19882|HSP60_YEAST Heat shock protein 60		sp|O74261|HSP60_CANAL,sp|P19882|HSP60_YEAST,sp|Q09864|HSP60_SCHPO	1	0	0	0.0	0.0	0.0	0.0	0.0	0.0	MS/MS	unmatched	unmatched
QELALSDEVTTIR	R	R	22	35	13	2	sp|P10963|PCKA_YEAST				sp|P10963|PCKA_YEAST Phosphoenolpyruvate carboxykinase (ATP) OS=Saccharomyces cerevisiae (strain ATCC 204508 / S288c) OX=559292 GN=PCK1 PE=1 SV=2			0	0	1	0.0	0.0	0.0	0.0	0.0	0.0	unmatched	unmatched	MS/MS
SALGLLNTTGSQR	R	I	147	160	13	2	sp|P20606|SAR1_YEAST				sp|P20606|SAR1_YEAST Small COPII coat GTPase SAR1 OS=Saccharomyces cerevisiae (strain ATCC 204508 / S288c) OX=559292 GN=SAR1 PE=1 SV=1		sp|Q6FUZ9|SAR1_CANGA	1	0	0	1.0680871E7	0.0	0.0	0.0	0.0	0.0	MS/MS	unmatched	unmatched
SCNCDLLLWR	K	N	18	28	10	2	sp|Q04947|RTN1_YEAST				sp|Q04947|RTN1_YEAST Reticulon-like protein 1 OS=Saccharomyces cerevisiae (strain ATCC 204508 / S288c) OX=559292 GN=RTN1 PE=1 SV=1			1	0	0	4220702.0	0.0	0.0	0.0	0.0	0.0	MS/MS	unmatched	unmatched
SGTLTYEAVQQTTK	R	T	184	198	14	2	sp|P53598|SUCA_YEAST				sp|P53598|SUCA_YEAST Succinate--CoA ligase [ADP-forming] subunit alpha			0	1	0	0.0	0.0	0.0	0.0	0.0	0.0	unmatched	MS/MS	unmatched
SISIVGSYVGNR	K	A	290	302	12	2	sp|P20369|ADH1_KLULA				sp|P20369|ADH1_KLULA Alcohol dehydrogenase 1 OS=Kluyveromyces lactis (strain ATCC 8585 / CBS 2359 / DSM 70799 / NBRC 1267 / NRRL Y-1140 / WM37) OX=284590 GN=ADH1 PE=3 SV=1		sp|P00330|ADH1_YEAST,sp|P00331|ADH2_YEAST,sp|Q07288|ADH1_KLUMA	0	1	0	0.0	0.0	0.0	0.0	0.0	0.0	unmatched	MS/MS	unmatched
SQVVSNNPEMIR	R	R	350	362	12	2	sp|P32316|ACH1_YEAST				sp|P32316|ACH1_YEAST Acetyl-CoA hydrolase OS=Saccharomyces cerevisiae (strain ATCC 204508 / S288c) OX=559292 GN=ACH1 PE=1 SV=2			0	0	1	0.0	0.0	5.0945796E7	0.0	0.0	0.0	unmatched	unmatched	MS/MS
SSAVGAASELALGMK	R	E	881	896	15	2	sp|P40069|IMB4_YEAST				sp|P40069|IMB4_YEAST Importin subunit beta-4 OS=Saccharomyces cerevisiae (strain ATCC 204508 / S288c) OX=559292 GN=KAP123 PE=1 SV=1			1	0	0	1051549.4	0.0	0.0	0.0	0.0	0.0	MS/MS	unmatched	unmatched
SSVATTASTESSEQGPK	R	M	956	973	17	2	sp|Q04336|YM54_YEAST				sp|Q04336|YM54_YEAST Uncharacterized protein YMR196W OS=Saccharomyces cerevisiae (strain ATCC 204508 / S288c) OX=559292 GN=YMR196W PE=1 SV=1			1	0	0	716549.2	0.0	0.0	0.0	0.0	0.0	MS/MS	unmatched	unmatched
STLTDSLVQR	K	A	33	43	10	2	sp|Q875S0|EF2_LACK1				sp|Q875S0|EF2_LACK1 Elongation factor 2 OS=Lachancea kluyveri (strain ATCC 58438 / CBS 3082 / BCRC 21498 / NBRC 1685 / JCM 7257 / NCYC 543 / NRRL Y-12651) OX=226302 GN=EFT2 PE=3 SV=1		sp|A5DI11|EF2_PICGU,sp|P32324|EF2_YEAST,sp|Q6BJ25|EF2_DEBHA,sp|Q6CPQ9|EF2_KLULA,sp|Q754C8|EF2_ASHGO,sp|Q874B9|EF2_PICPA	0	1	0	0.0	0.0	0.0	0.0	0.0	0.0	unmatched	MS/MS	unmatched
SYIASVSQDR	R	T	221	231	10	2	sp|Q6FNV4|SC131_CANGA				sp|Q6FNV4|SC131_CANGA Protein transport protein SEC13-1 OS=Candida glabrata (strain ATCC 2001 / CBS 138 / JCM 3761 / NBRC 0622 / NRRL Y-65) OX=284593 GN=SEC131 PE=3 SV=1			0	1	0	0.0	0.0	0.0	0.0	0.0	0.0	unmatched	MS/MS	unmatched
TALAEVQAR	K	H	192	201	9	2	sp|P39926|SSO2_YEAST				sp|P39926|SSO2_YEAST Protein SSO2 OS=Saccharomyces cerevisiae (strain ATCC 204508 / S288c) OX=559292 GN=SSO2 PE=1 SV=2		sp|P32867|SSO1_YEAST	0	0	1	0.0	0.0	4550321.5	0.0	0.0	0.0	unmatched	unmatched	MS/MS
TAPVSSTAGPQTASTSK	K	L	219	236	17	2	sp|Q04947|RTN1_YEAST				sp|Q04947|RTN1_YEAST Reticulon-like protein 1 OS=Saccharomyces cerevisiae (strain ATCC 204508 / S288c) OX=559292 GN=RTN1 PE=1 SV=1			0	1	0	0.0	0.0	0.0	0.0	0.0	0.0	unmatched	MS/MS	unmatched
TASEFDSAIAQDK	-	L	7	20	13	2	sp|P22217|TRX1_YEAST				sp|P22217|TRX1_YEAST Thioredoxin-1 OS=Saccharomyces cerevisiae (strain ATCC 204508 / S288c) OX=559292 GN=TRX1 PE=1 SV=3			1	0	0	1.776457E7	0.0	0.0	0.0	0.0	0.0	MS/MS	unmatched	unmatched
TGETTLLSMSK	K	N	117	128	11	2	sp|Q12363|WTM1_YEAST				sp|Q12363|WTM1_YEAST Transcriptional modulator WTM1 OS=Saccharomyces cerevisiae (strain ATCC 204508 / S288c) OX=559292 GN=WTM1 PE=1 SV=1			0	0	1	0.0	0.0	0.0	0.0	0.0	0.0	unmatched	unmatched	MS/MS
TGQFGWSANMER	R	I	580	592	12	2	sp|P02829|HSP82_YEAST				sp|P02829|HSP82_YEAST ATP-dependent molecular chaperone HSP82 OS=Saccharomyces cerevisiae (strain ATCC 204508 / S288c) OX=559292 GN=HSP82 PE=1 SV=1		sp|P15108|HSC82_YEAST,sp|P46598|HSP90_CANAL,sp|Q8J2M3|HSP82_ASHGO	1	0	0	0.0	0.0	0.0	0.0	0.0	0.0	MS/MS	unmatched	unmatched
TQYSLSHDATLK	K	G	879	891	12	2	sp|P07245|C1TC_YEAST				sp|P07245|C1TC_YEAST C-1-tetrahydrofolate synthase			1	0	0	780814.9	0.0	0.0	0.0	0.0	0.0	MS/MS	unmatched	unmatched
VALVFGQMNEPPGAR	K	A	248	263	15	2	sp|P00830|ATPB_YEAST				mitochondrial OS=Pichia angusta OX=870730 GN=ATP2 PE=1 SV=1		sp|C0HK52|ATPB_PICAN,sp|P49376|ATPB_KLULA	0	0	1	0.0	0.0	0.0	0.0	0.0	0.0	unmatched	unmatched	MS/MS
VDILEVAR	R	Q	116	124	8	2	sp|O60059|YG58_SCHPO				sp|O60059|YG58_SCHPO Pumilio domain-containing protein C56F2.08c OS=Schizosaccharomyces pombe (strain 972 / ATCC 24843) OX=284812 GN=SPBC56F2.08c PE=1 SV=1			1	0	0	0.0	0.0	0.0	0.0	0.0	0.0	MS/MS	unmatched	unmatched
VELTPVAIAAGR	K	R	342	354	12	2	sp|Q6BPI1|GSHR_DEBHA				sp|Q6BPI1|GSHR_DEBHA Glutathione reductase OS=Debaryomyces hansenii (strain ATCC 36239 / CBS 767 / BCRC 21394 / JCM 1990 / NBRC 0083 / IGC 2968) OX=284592 GN=GLR1 PE=3 SV=3		sp|P41921|GSHR_YEAST,sp|Q6FRV2|GSHR_CANGA,sp|Q6HA23|GSHR_KLULA	1	0	0	5670865.5	0.0	0.0	0.0	0.0	0.0	MS/MS	unmatched	unmatched
VGDQVLIPQFGGSTIK	K	L	69	85	16	2	sp|P38910|CH10_YEAST				sp|P38910|CH10_YEAST 10 kDa heat shock protein			1	0	0	8318920.0	0.0	0.0	0.0	0.0	0.0	MS/MS	unmatched	unmatched
VGIADTVGCANPR	R	Q	205	218	13	2	sp|Q12726|HOSM_YARLI				sp|Q12122|HOSM_YEAST Homocitrate synthase		sp|P48570|HOSC_YEAST,sp|Q12122|HOSM_YEAST	1	0	0	4754455.5	0.0	0.0	0.0	0.0	0.0	MS/MS	unmatched	unmatched
VLAGTTDIPLK	K	Q	368	379	11	2	sp|P32191|GPDM_YEAST				sp|P32191|GPDM_YEAST Glycerol-3-phosphate dehydrogenase			0	0	1	0.0	0.0	2.514361E7	0.0	0.0	0.0	unmatched	unmatched	MS/MS
VLDTGGPISVPVGR	K	E	109	123	14	2	sp|P00830|ATPB_YEAST				mitochondrial OS=Pichia angusta OX=870730 GN=ATP2 PE=1 SV=1			2	0	0	0.0	0.0	0.0	0.0	0.0	0.0	MS/MS	unmatched	unmatched
VQSAVLGFPR	-	I	2	12	10	2	sp|P05694|METE_YEAST				sp|P05694|METE_YEAST 5-methyltetrahydropteroyltriglutamate--homocysteine methyltransferase OS=Saccharomyces cerevisiae (strain ATCC 204508 / S288c) OX=559292 GN=MET6 PE=1 SV=4			0	1	0	0.0	7183855.0	0.0	0.0	0.0	0.0	unmatched	MS/MS	unmatched
VTLETDEK	K	T	28	36	8	2	sp|P40893|REE1_YEAST				sp|P40893|REE1_YEAST Regulation of enolase protein 1 OS=Saccharomyces cerevisiae (strain ATCC 204508 / S288c) OX=559292 GN=REE1 PE=1 SV=1			1	0	0	4643108.0	0.0	0.0	0.0	0.0	0.0	MS/MS	unmatched	unmatched
VYAENGITR	R	V	144	153	9	2	sp|P11412|G6PD_YEAST				sp|P11412|G6PD_YEAST Glucose-6-phosphate 1-dehydrogenase OS=Saccharomyces cerevisiae (strain ATCC 204508 / S288c) OX=559292 GN=ZWF1 PE=1 SV=4			1	0	0	2408219.8	0.0	0.0	0.0	0.0	0.0	MS/MS	unmatched	unmatched
YDCSSADINPIGGISK	K	T	536	552	16	2	sp|P38795|NADE_YEAST				sp|P38795|NADE_YEAST Glutamine-dependent NAD(+) synthetase OS=Saccharomyces cerevisiae (strain ATCC 204508 / S288c) OX=559292 GN=QNS1 PE=1 SV=1		sp|O74940|NADE_SCHPO	1	0	0	374142.47	0.0	0.0	0.0	0.0	0.0	MS/MS	unmatched	unmatched
YDMLAATMLGQGK	R	N	141	154	13	2	sp|P07275|PUT2_YEAST				sp|P07275|PUT2_YEAST Delta-1-pyrroline-5-carboxylate dehydrogenase			0	1	0	0.0	751528.25	0.0	0.0	0.0	0.0	unmatched	MS/MS	unmatched
YLYVDEPEVK	K	A	439	449	10	2	sp|P38764|RPN1_YEAST				sp|P38764|RPN1_YEAST 26S proteasome regulatory subunit RPN1 OS=Saccharomyces cerevisiae (strain ATCC 204508 / S288c) OX=559292 GN=RPN1 PE=1 SV=3		sp|Q6FPV6|RPN1_CANGA	1	0	0	2548635.2	0.0	0.0	0.0	0.0	0.0	MS/MS	unmatched	unmatched
YSAADVACWGALR	K	S	117	130	13	2	sp|P46655|SYEC_YEAST				sp|P46655|SYEC_YEAST Glutamate--tRNA ligase			1	0	0	365138.47	0.0	0.0	0.0	0.0	0.0	MS/MS	unmatched	unmatched
YTQSNSVCYAR	K	N	426	437	11	2	sp|P38009|PUR92_YEAST				sp|P38009|PUR92_YEAST Bifunctional purine biosynthesis protein ADE17 OS=Saccharomyces cerevisiae (strain ATCC 204508 / S288c) OX=559292 GN=ADE17 PE=1 SV=2			0	1	0	0.0	3822621.8	0.0	0.0	0.0	0.0	unmatched	MS/MS	unmatched
