ProteinName,PeptideSequence,Protein.Start,Protein.End,PrecursorCharge,FragmentIon,ProductCharge,IsotopeLabelType,Condition,BioReplicate,Run,Intensity
sp|O13285|IDH1_CANTR,LIDDM[15.9949]VAQMIK,275,286,2,NA,NA,L,110714_yeast_ups1_2fmol_r1,1,110714_yeast_ups1_2fmol_r1,NA
sp|O13285|IDH1_CANTR,LIDDM[15.9949]VAQMIK,275,286,2,NA,NA,L,110714_yeast_ups1_2fmol_r2,2,110714_yeast_ups1_2fmol_r2,792287.06
sp|O13285|IDH1_CANTR,LIDDM[15.9949]VAQMIK,275,286,2,NA,NA,L,110714_yeast_ups1_2fmol_r3,3,110714_yeast_ups1_2fmol_r3,NA
sp|P00330|ADH1_YEAST,ANGTTVLVGMPAGAK,262,277,2,NA,NA,L,110714_yeast_ups1_2fmol_r1,1,110714_yeast_ups1_2fmol_r1,2.2278954E7
sp|P00330|ADH1_YEAST,ANGTTVLVGMPAGAK,262,277,2,NA,NA,L,110714_yeast_ups1_2fmol_r2,2,110714_yeast_ups1_2fmol_r2,NA
sp|P00330|ADH1_YEAST,ANGTTVLVGMPAGAK,262,277,2,NA,NA,L,110714_yeast_ups1_2fmol_r3,3,110714_yeast_ups1_2fmol_r3,NA
sp|P00424|COX5A_YEAST,NANPWGGYSQVQSK,140,154,2,NA,NA,L,110714_yeast_ups1_2fmol_r1,1,110714_yeast_ups1_2fmol_r1,1.0717882E7
sp|P00424|COX5A_YEAST,NANPWGGYSQVQSK,140,154,2,NA,NA,L,110714_yeast_ups1_2fmol_r2,2,110714_yeast_ups1_2fmol_r2,NA
sp|P00424|COX5A_YEAST,NANPWGGYSQVQSK,140,154,2,NA,NA,L,110714_yeast_ups1_2fmol_r3,3,110714_yeast_ups1_2fmol_r3,NA
sp|P00447|SODM_YEAST,AIDEQFGSLDELIK,132,146,2,NA,NA,L,110714_yeast_ups1_2fmol_r1,1,110714_yeast_ups1_2fmol_r1,3152464.0
sp|P00447|SODM_YEAST,AIDEQFGSLDELIK,132,146,2,NA,NA,L,110714_yeast_ups1_2fmol_r2,2,110714_yeast_ups1_2fmol_r2,NA
sp|P00447|SODM_YEAST,AIDEQFGSLDELIK,132,146,2,NA,NA,L,110714_yeast_ups1_2fmol_r3,3,110714_yeast_ups1_2fmol_r3,NA
sp|P05694|METE_YEAST,VQSAVLGFPR,2,12,2,NA,NA,L,110714_yeast_ups1_2fmol_r1,1,110714_yeast_ups1_2fmol_r1,NA
sp|P05694|METE_YEAST,VQSAVLGFPR,2,12,2,NA,NA,L,110714_yeast_ups1_2fmol_r2,2,110714_yeast_ups1_2fmol_r2,7183855.0
sp|P05694|METE_YEAST,VQSAVLGFPR,2,12,2,NA,NA,L,110714_yeast_ups1_2fmol_r3,3,110714_yeast_ups1_2fmol_r3,NA
sp|P06106|CYSD_YEAST,LASNLANVGDAK,375,387,2,NA,NA,L,110714_yeast_ups1_2fmol_r1,1,110714_yeast_ups1_2fmol_r1,1.059123E7
sp|P06106|CYSD_YEAST,LASNLANVGDAK,375,387,2,NA,NA,L,110714_yeast_ups1_2fmol_r2,2,110714_yeast_ups1_2fmol_r2,NA
sp|P06106|CYSD_YEAST,LASNLANVGDAK,375,387,2,NA,NA,L,110714_yeast_ups1_2fmol_r3,3,110714_yeast_ups1_2fmol_r3,NA
sp|P06738|PHSG_YEAST,ISIIEENSPER,479,490,2,NA,NA,L,110714_yeast_ups1_2fmol_r1,1,110714_yeast_ups1_2fmol_r1,NA
sp|P06738|PHSG_YEAST,ISIIEENSPER,479,490,2,NA,NA,L,110714_yeast_ups1_2fmol_r2,2,110714_yeast_ups1_2fmol_r2,NA
sp|P06738|PHSG_YEAST,ISIIEENSPER,479,490,2,NA,NA,L,110714_yeast_ups1_2fmol_r3,3,110714_yeast_ups1_2fmol_r3,1563900.1
sp|P07245|C1TC_YEAST,TQYSLSHDATLK,879,891,2,NA,NA,L,110714_yeast_ups1_2fmol_r1,1,110714_yeast_ups1_2fmol_r1,780814.9
sp|P07245|C1TC_YEAST,TQYSLSHDATLK,879,891,2,NA,NA,L,110714_yeast_ups1_2fmol_r2,2,110714_yeast_ups1_2fmol_r2,NA
sp|P07245|C1TC_YEAST,TQYSLSHDATLK,879,891,2,NA,NA,L,110714_yeast_ups1_2fmol_r3,3,110714_yeast_ups1_2fmol_r3,NA
sp|P07275|PUT2_YEAST,YDMLAATMLGQGK,141,154,2,NA,NA,L,110714_yeast_ups1_2fmol_r1,1,110714_yeast_ups1_2fmol_r1,NA
sp|P07275|PUT2_YEAST,YDMLAATMLGQGK,141,154,2,NA,NA,L,110714_yeast_ups1_2fmol_r2,2,110714_yeast_ups1_2fmol_r2,751528.25
sp|P07275|PUT2_YEAST,YDMLAATMLGQGK,141,154,2,NA,NA,L,110714_yeast_ups1_2fmol_r3,3,110714_yeast_ups1_2fmol_r3,NA
sp|P08417|FUMH_YEAST,AIQQAADEVASGK,98,111,2,NA,NA,L,110714_yeast_ups1_2fmol_r1,1,110714_yeast_ups1_2fmol_r1,4.7285436E7
sp|P08417|FUMH_YEAST,AIQQAADEVASGK,98,111,2,NA,NA,L,110714_yeast_ups1_2fmol_r2,2,110714_yeast_ups1_2fmol_r2,NA
sp|P08417|FUMH_YEAST,AIQQAADEVASGK,98,111,2,NA,NA,L,110714_yeast_ups1_2fmol_r3,3,110714_yeast_ups1_2fmol_r3,NA
sp|P09435|HSP73_YEAST,NQLESYAFTLK,538,549,2,NA,NA,L,110714_yeast_ups1_2fmol_r1,1,110714_yeast_ups1_2fmol_r1,4323080.5
sp|P09435|HSP73_YEAST,NQLESYAFTLK,538,549,2,NA,NA,L,110714_yeast_ups1_2fmol_r2,2,110714_yeast_ups1_2fmol_r2,NA
sp|P09435|HSP73_YEAST,NQLESYAFTLK,538,549,2,NA,NA,L,110714_yeast_ups1_2fmol_r3,3,110714_yeast_ups1_2fmol_r3,NA
sp|P09624|DLDH_YEAST,LVIDDQFNSK,328,338,2,NA,NA,L,110714_yeast_ups1_2fmol_r1,1,110714_yeast_ups1_2fmol_r1,NA
sp|P09624|DLDH_YEAST,LVIDDQFNSK,328,338,2,NA,NA,L,110714_yeast_ups1_2fmol_r2,2,110714_yeast_ups1_2fmol_r2,NA
sp|P09624|DLDH_YEAST,LVIDDQFNSK,328,338,2,NA,NA,L,110714_yeast_ups1_2fmol_r3,3,110714_yeast_ups1_2fmol_r3,1.8344716E7
sp|P10591|HSP71_YEAST,NQAAMNPSNTVFDAK,55,70,2,NA,NA,L,110714_yeast_ups1_2fmol_r1,1,110714_yeast_ups1_2fmol_r1,NA
sp|P10591|HSP71_YEAST,NQAAMNPSNTVFDAK,55,70,2,NA,NA,L,110714_yeast_ups1_2fmol_r2,2,110714_yeast_ups1_2fmol_r2,NA
sp|P10591|HSP71_YEAST,NQAAMNPSNTVFDAK,55,70,2,NA,NA,L,110714_yeast_ups1_2fmol_r3,3,110714_yeast_ups1_2fmol_r3,1.30232032E8
sp|P10591|HSP71_YEAST,NQLESIAYSLK,537,548,2,NA,NA,L,110714_yeast_ups1_2fmol_r1,1,110714_yeast_ups1_2fmol_r1,NA
sp|P10591|HSP71_YEAST,NQLESIAYSLK,537,548,2,NA,NA,L,110714_yeast_ups1_2fmol_r2,2,110714_yeast_ups1_2fmol_r2,NA
sp|P10591|HSP71_YEAST,NQLESIAYSLK,537,548,2,NA,NA,L,110714_yeast_ups1_2fmol_r3,3,110714_yeast_ups1_2fmol_r3,1.08137E8
sp|P11412|G6PD_YEAST,VYAENGITR,144,153,2,NA,NA,L,110714_yeast_ups1_2fmol_r1,1,110714_yeast_ups1_2fmol_r1,2408219.8
sp|P11412|G6PD_YEAST,VYAENGITR,144,153,2,NA,NA,L,110714_yeast_ups1_2fmol_r2,2,110714_yeast_ups1_2fmol_r2,NA
sp|P11412|G6PD_YEAST,VYAENGITR,144,153,2,NA,NA,L,110714_yeast_ups1_2fmol_r3,3,110714_yeast_ups1_2fmol_r3,NA
sp|P15703|BGL2_YEAST,NDLTASQLSDK,129,140,2,NA,NA,L,110714_yeast_ups1_2fmol_r1,1,110714_yeast_ups1_2fmol_r1,NA
sp|P15703|BGL2_YEAST,NDLTASQLSDK,129,140,2,NA,NA,L,110714_yeast_ups1_2fmol_r2,2,110714_yeast_ups1_2fmol_r2,2213378.2
sp|P15703|BGL2_YEAST,NDLTASQLSDK,129,140,2,NA,NA,L,110714_yeast_ups1_2fmol_r3,3,110714_yeast_ups1_2fmol_r3,NA
sp|P17505|MDHM_YEAST,NGAGSATLSMAHAGAK,236,252,2,NA,NA,L,110714_yeast_ups1_2fmol_r1,1,110714_yeast_ups1_2fmol_r1,3176844.2
sp|P17505|MDHM_YEAST,NGAGSATLSMAHAGAK,236,252,2,NA,NA,L,110714_yeast_ups1_2fmol_r2,2,110714_yeast_ups1_2fmol_r2,NA
sp|P17505|MDHM_YEAST,NGAGSATLSMAHAGAK,236,252,2,NA,NA,L,110714_yeast_ups1_2fmol_r3,3,110714_yeast_ups1_2fmol_r3,NA
sp|P20606|SAR1_YEAST,SALGLLNTTGSQR,147,160,2,NA,NA,L,110714_yeast_ups1_2fmol_r1,1,110714_yeast_ups1_2fmol_r1,1.0680871E7
sp|P20606|SAR1_YEAST,SALGLLNTTGSQR,147,160,2,NA,NA,L,110714_yeast_ups1_2fmol_r2,2,110714_yeast_ups1_2fmol_r2,NA
sp|P20606|SAR1_YEAST,SALGLLNTTGSQR,147,160,2,NA,NA,L,110714_yeast_ups1_2fmol_r3,3,110714_yeast_ups1_2fmol_r3,NA
sp|P21954|IDHP_YEAST,DATSDKITQDAAEAIKK,66,83,3,NA,NA,L,110714_yeast_ups1_2fmol_r1,1,110714_yeast_ups1_2fmol_r1,NA
sp|P21954|IDHP_YEAST,DATSDKITQDAAEAIKK,66,83,3,NA,NA,L,110714_yeast_ups1_2fmol_r2,2,110714_yeast_ups1_2fmol_r2,NA
sp|P21954|IDHP_YEAST,DATSDKITQDAAEAIKK,66,83,3,NA,NA,L,110714_yeast_ups1_2fmol_r3,3,110714_yeast_ups1_2fmol_r3,1993949.6
sp|P22068|ATPB_SCHPO,IGLFGGAGVGK,199,210,2,NA,NA,L,110714_yeast_ups1_2fmol_r1,1,110714_yeast_ups1_2fmol_r1,NA
sp|P22068|ATPB_SCHPO,IGLFGGAGVGK,199,210,2,NA,NA,L,110714_yeast_ups1_2fmol_r2,2,110714_yeast_ups1_2fmol_r2,4.9110512E7
sp|P22068|ATPB_SCHPO,IGLFGGAGVGK,199,210,2,NA,NA,L,110714_yeast_ups1_2fmol_r3,3,110714_yeast_ups1_2fmol_r3,NA
sp|P22137|CLH_YEAST,IYIDSNNSPEK,888,899,2,NA,NA,L,110714_yeast_ups1_2fmol_r1,1,110714_yeast_ups1_2fmol_r1,5210213.5
sp|P22137|CLH_YEAST,IYIDSNNSPEK,888,899,2,NA,NA,L,110714_yeast_ups1_2fmol_r2,2,110714_yeast_ups1_2fmol_r2,NA
sp|P22137|CLH_YEAST,IYIDSNNSPEK,888,899,2,NA,NA,L,110714_yeast_ups1_2fmol_r3,3,110714_yeast_ups1_2fmol_r3,NA
sp|P22144|XYL2_PICST,DAIEAYDLVR,340,350,2,NA,NA,L,110714_yeast_ups1_2fmol_r1,1,110714_yeast_ups1_2fmol_r1,9612416.0
sp|P22144|XYL2_PICST,DAIEAYDLVR,340,350,2,NA,NA,L,110714_yeast_ups1_2fmol_r2,2,110714_yeast_ups1_2fmol_r2,NA
sp|P22144|XYL2_PICST,DAIEAYDLVR,340,350,2,NA,NA,L,110714_yeast_ups1_2fmol_r3,3,110714_yeast_ups1_2fmol_r3,NA
sp|P22217|TRX1_YEAST,TASEFDSAIAQDK,7,20,2,NA,NA,L,110714_yeast_ups1_2fmol_r1,1,110714_yeast_ups1_2fmol_r1,1.776457E7
sp|P22217|TRX1_YEAST,TASEFDSAIAQDK,7,20,2,NA,NA,L,110714_yeast_ups1_2fmol_r2,2,110714_yeast_ups1_2fmol_r2,NA
sp|P22217|TRX1_YEAST,TASEFDSAIAQDK,7,20,2,NA,NA,L,110714_yeast_ups1_2fmol_r3,3,110714_yeast_ups1_2fmol_r3,NA
sp|P24276|SSD1_YEAST,LGDLALLR,902,910,2,NA,NA,L,110714_yeast_ups1_2fmol_r1,1,110714_yeast_ups1_2fmol_r1,NA
sp|P24276|SSD1_YEAST,LGDLALLR,902,910,2,NA,NA,L,110714_yeast_ups1_2fmol_r2,2,110714_yeast_ups1_2fmol_r2,681716.5
sp|P24276|SSD1_YEAST,LGDLALLR,902,910,2,NA,NA,L,110714_yeast_ups1_2fmol_r3,3,110714_yeast_ups1_2fmol_r3,NA
sp|P31373|CYS3_YEAST,DALGGGMISFR,302,313,2,NA,NA,L,110714_yeast_ups1_2fmol_r1,1,110714_yeast_ups1_2fmol_r1,3411336.2
sp|P31373|CYS3_YEAST,DALGGGMISFR,302,313,2,NA,NA,L,110714_yeast_ups1_2fmol_r2,2,110714_yeast_ups1_2fmol_r2,NA
sp|P31373|CYS3_YEAST,DALGGGMISFR,302,313,2,NA,NA,L,110714_yeast_ups1_2fmol_r3,3,110714_yeast_ups1_2fmol_r3,NA
sp|P32191|GPDM_YEAST,VLAGTTDIPLK,368,379,2,NA,NA,L,110714_yeast_ups1_2fmol_r1,1,110714_yeast_ups1_2fmol_r1,NA
sp|P32191|GPDM_YEAST,VLAGTTDIPLK,368,379,2,NA,NA,L,110714_yeast_ups1_2fmol_r2,2,110714_yeast_ups1_2fmol_r2,NA
sp|P32191|GPDM_YEAST,VLAGTTDIPLK,368,379,2,NA,NA,L,110714_yeast_ups1_2fmol_r3,3,110714_yeast_ups1_2fmol_r3,2.514361E7
sp|P32191|GPDM_YEAST,GLNVALVEK,90,99,2,NA,NA,L,110714_yeast_ups1_2fmol_r1,1,110714_yeast_ups1_2fmol_r1,1.2938144E7
sp|P32191|GPDM_YEAST,GLNVALVEK,90,99,2,NA,NA,L,110714_yeast_ups1_2fmol_r2,2,110714_yeast_ups1_2fmol_r2,NA
sp|P32191|GPDM_YEAST,GLNVALVEK,90,99,2,NA,NA,L,110714_yeast_ups1_2fmol_r3,3,110714_yeast_ups1_2fmol_r3,NA
sp|P32263|P5CR_YEAST,AADETAAAFYPSK,27,40,2,NA,NA,L,110714_yeast_ups1_2fmol_r1,1,110714_yeast_ups1_2fmol_r1,3298586.5
sp|P32263|P5CR_YEAST,AADETAAAFYPSK,27,40,2,NA,NA,L,110714_yeast_ups1_2fmol_r2,2,110714_yeast_ups1_2fmol_r2,NA
sp|P32263|P5CR_YEAST,AADETAAAFYPSK,27,40,2,NA,NA,L,110714_yeast_ups1_2fmol_r3,3,110714_yeast_ups1_2fmol_r3,NA
sp|P32316|ACH1_YEAST,SQVVSNNPEMIR,350,362,2,NA,NA,L,110714_yeast_ups1_2fmol_r1,1,110714_yeast_ups1_2fmol_r1,NA
sp|P32316|ACH1_YEAST,SQVVSNNPEMIR,350,362,2,NA,NA,L,110714_yeast_ups1_2fmol_r2,2,110714_yeast_ups1_2fmol_r2,NA
sp|P32316|ACH1_YEAST,SQVVSNNPEMIR,350,362,2,NA,NA,L,110714_yeast_ups1_2fmol_r3,3,110714_yeast_ups1_2fmol_r3,5.0945796E7
sp|P32327|PYC2_YEAST,C[57.0215]SC[57.0215]SGSTYEIVR,414,426,2,NA,NA,L,110714_yeast_ups1_2fmol_r1,1,110714_yeast_ups1_2fmol_r1,NA
sp|P32327|PYC2_YEAST,C[57.0215]SC[57.0215]SGSTYEIVR,414,426,2,NA,NA,L,110714_yeast_ups1_2fmol_r2,2,110714_yeast_ups1_2fmol_r2,5231686.0
sp|P32327|PYC2_YEAST,C[57.0215]SC[57.0215]SGSTYEIVR,414,426,2,NA,NA,L,110714_yeast_ups1_2fmol_r3,3,110714_yeast_ups1_2fmol_r3,NA
sp|P32379|PSA5_YEAST,LDENNAQLSC[57.0215]ITK,212,225,2,NA,NA,L,110714_yeast_ups1_2fmol_r1,1,110714_yeast_ups1_2fmol_r1,1.1569651E7
sp|P32379|PSA5_YEAST,LDENNAQLSC[57.0215]ITK,212,225,2,NA,NA,L,110714_yeast_ups1_2fmol_r2,2,110714_yeast_ups1_2fmol_r2,NA
sp|P32379|PSA5_YEAST,LDENNAQLSC[57.0215]ITK,212,225,2,NA,NA,L,110714_yeast_ups1_2fmol_r3,3,110714_yeast_ups1_2fmol_r3,NA
sp|P32468|CDC12_YEAST,ADTLTAQELQQFK,181,194,2,NA,NA,L,110714_yeast_ups1_2fmol_r1,1,110714_yeast_ups1_2fmol_r1,NA
sp|P32468|CDC12_YEAST,ADTLTAQELQQFK,181,194,2,NA,NA,L,110714_yeast_ups1_2fmol_r2,2,110714_yeast_ups1_2fmol_r2,562298.06
sp|P32468|CDC12_YEAST,ADTLTAQELQQFK,181,194,2,NA,NA,L,110714_yeast_ups1_2fmol_r3,3,110714_yeast_ups1_2fmol_r3,NA
sp|P33327|DHE2_YEAST,FIGDVSGER,944,953,2,NA,NA,L,110714_yeast_ups1_2fmol_r1,1,110714_yeast_ups1_2fmol_r1,NA
sp|P33327|DHE2_YEAST,FIGDVSGER,944,953,2,NA,NA,L,110714_yeast_ups1_2fmol_r2,2,110714_yeast_ups1_2fmol_r2,8825822.0
sp|P33327|DHE2_YEAST,FIGDVSGER,944,953,2,NA,NA,L,110714_yeast_ups1_2fmol_r3,3,110714_yeast_ups1_2fmol_r3,NA
sp|P34087|RPB7_YEAST,LLEEVEGSC[57.0215]TGK,30,42,2,NA,NA,L,110714_yeast_ups1_2fmol_r1,1,110714_yeast_ups1_2fmol_r1,1095884.8
sp|P34087|RPB7_YEAST,LLEEVEGSC[57.0215]TGK,30,42,2,NA,NA,L,110714_yeast_ups1_2fmol_r2,2,110714_yeast_ups1_2fmol_r2,NA
sp|P34087|RPB7_YEAST,LLEEVEGSC[57.0215]TGK,30,42,2,NA,NA,L,110714_yeast_ups1_2fmol_r3,3,110714_yeast_ups1_2fmol_r3,NA
sp|P34730|BMH2_YEAST,DSTLIMQLLR,218,228,2,NA,NA,L,110714_yeast_ups1_2fmol_r1,1,110714_yeast_ups1_2fmol_r1,8417912.0
sp|P34730|BMH2_YEAST,DSTLIMQLLR,218,228,2,NA,NA,L,110714_yeast_ups1_2fmol_r2,2,110714_yeast_ups1_2fmol_r2,NA
sp|P34730|BMH2_YEAST,DSTLIMQLLR,218,228,2,NA,NA,L,110714_yeast_ups1_2fmol_r3,3,110714_yeast_ups1_2fmol_r3,NA
sp|P36139|PET10_YEAST,AIVSTGLDLGNATIEK,249,265,2,NA,NA,L,110714_yeast_ups1_2fmol_r1,1,110714_yeast_ups1_2fmol_r1,1608406.5
sp|P36139|PET10_YEAST,AIVSTGLDLGNATIEK,249,265,2,NA,NA,L,110714_yeast_ups1_2fmol_r2,2,110714_yeast_ups1_2fmol_r2,NA
sp|P36139|PET10_YEAST,AIVSTGLDLGNATIEK,249,265,2,NA,NA,L,110714_yeast_ups1_2fmol_r3,3,110714_yeast_ups1_2fmol_r3,NA
sp|P36775|LONM_YEAST,IAEQYLVPSAK,779,790,2,NA,NA,L,110714_yeast_ups1_2fmol_r1,1,110714_yeast_ups1_2fmol_r1,NA
sp|P36775|LONM_YEAST,IAEQYLVPSAK,779,790,2,NA,NA,L,110714_yeast_ups1_2fmol_r2,2,110714_yeast_ups1_2fmol_r2,2291756.8
sp|P36775|LONM_YEAST,IAEQYLVPSAK,779,790,2,NA,NA,L,110714_yeast_ups1_2fmol_r3,3,110714_yeast_ups1_2fmol_r3,NA
sp|P38009|PUR92_YEAST,YTQSNSVC[57.0215]YAR,426,437,2,NA,NA,L,110714_yeast_ups1_2fmol_r1,1,110714_yeast_ups1_2fmol_r1,NA
sp|P38009|PUR92_YEAST,YTQSNSVC[57.0215]YAR,426,437,2,NA,NA,L,110714_yeast_ups1_2fmol_r2,2,110714_yeast_ups1_2fmol_r2,3822621.8
sp|P38009|PUR92_YEAST,YTQSNSVC[57.0215]YAR,426,437,2,NA,NA,L,110714_yeast_ups1_2fmol_r3,3,110714_yeast_ups1_2fmol_r3,NA
sp|P38088|SYG_YEAST,GLVEDANAAAK,153,164,2,NA,NA,L,110714_yeast_ups1_2fmol_r1,1,110714_yeast_ups1_2fmol_r1,NA
sp|P38088|SYG_YEAST,GLVEDANAAAK,153,164,2,NA,NA,L,110714_yeast_ups1_2fmol_r2,2,110714_yeast_ups1_2fmol_r2,4321592.5
sp|P38088|SYG_YEAST,GLVEDANAAAK,153,164,2,NA,NA,L,110714_yeast_ups1_2fmol_r3,3,110714_yeast_ups1_2fmol_r3,NA
sp|P38764|RPN1_YEAST,YLYVDEPEVK,439,449,2,NA,NA,L,110714_yeast_ups1_2fmol_r1,1,110714_yeast_ups1_2fmol_r1,2548635.2
sp|P38764|RPN1_YEAST,YLYVDEPEVK,439,449,2,NA,NA,L,110714_yeast_ups1_2fmol_r2,2,110714_yeast_ups1_2fmol_r2,NA
sp|P38764|RPN1_YEAST,YLYVDEPEVK,439,449,2,NA,NA,L,110714_yeast_ups1_2fmol_r3,3,110714_yeast_ups1_2fmol_r3,NA
sp|P38795|NADE_YEAST,YDC[57.0215]SSADINPIGGISK,536,552,2,NA,NA,L,110714_yeast_ups1_2fmol_r1,1,110714_yeast_ups1_2fmol_r1,374142.47
sp|P38795|NADE_YEAST,YDC[57.0215]SSADINPIGGISK,536,552,2,NA,NA,L,110714_yeast_ups1_2fmol_r2,2,110714_yeast_ups1_2fmol_r2,NA
sp|P38795|NADE_YEAST,YDC[57.0215]SSADINPIGGISK,536,552,2,NA,NA,L,110714_yeast_ups1_2fmol_r3,3,110714_yeast_ups1_2fmol_r3,NA
sp|P38910|CH10_YEAST,VGDQVLIPQFGGSTIK,69,85,2,NA,NA,L,110714_yeast_ups1_2fmol_r1,1,110714_yeast_ups1_2fmol_r1,8318920.0
sp|P38910|CH10_YEAST,VGDQVLIPQFGGSTIK,69,85,2,NA,NA,L,110714_yeast_ups1_2fmol_r2,2,110714_yeast_ups1_2fmol_r2,NA
sp|P38910|CH10_YEAST,VGDQVLIPQFGGSTIK,69,85,2,NA,NA,L,110714_yeast_ups1_2fmol_r3,3,110714_yeast_ups1_2fmol_r3,NA
sp|P39079|TCPZ_YEAST,MLVDGAGNIK,45,55,2,NA,NA,L,110714_yeast_ups1_2fmol_r1,1,110714_yeast_ups1_2fmol_r1,2552297.0
sp|P39079|TCPZ_YEAST,MLVDGAGNIK,45,55,2,NA,NA,L,110714_yeast_ups1_2fmol_r2,2,110714_yeast_ups1_2fmol_r2,NA
sp|P39079|TCPZ_YEAST,MLVDGAGNIK,45,55,2,NA,NA,L,110714_yeast_ups1_2fmol_r3,3,110714_yeast_ups1_2fmol_r3,NA
sp|P39926|SSO2_YEAST,TALAEVQAR,192,201,2,NA,NA,L,110714_yeast_ups1_2fmol_r1,1,110714_yeast_ups1_2fmol_r1,NA
sp|P39926|SSO2_YEAST,TALAEVQAR,192,201,2,NA,NA,L,110714_yeast_ups1_2fmol_r2,2,110714_yeast_ups1_2fmol_r2,NA
sp|P39926|SSO2_YEAST,TALAEVQAR,192,201,2,NA,NA,L,110714_yeast_ups1_2fmol_r3,3,110714_yeast_ups1_2fmol_r3,4550321.5
sp|P40069|IMB4_YEAST,SSAVGAASELALGMK,881,896,2,NA,NA,L,110714_yeast_ups1_2fmol_r1,1,110714_yeast_ups1_2fmol_r1,1051549.4
sp|P40069|IMB4_YEAST,SSAVGAASELALGMK,881,896,2,NA,NA,L,110714_yeast_ups1_2fmol_r2,2,110714_yeast_ups1_2fmol_r2,NA
sp|P40069|IMB4_YEAST,SSAVGAASELALGMK,881,896,2,NA,NA,L,110714_yeast_ups1_2fmol_r3,3,110714_yeast_ups1_2fmol_r3,NA
sp|P40893|REE1_YEAST,VTLETDEK,28,36,2,NA,NA,L,110714_yeast_ups1_2fmol_r1,1,110714_yeast_ups1_2fmol_r1,4643108.0
sp|P40893|REE1_YEAST,VTLETDEK,28,36,2,NA,NA,L,110714_yeast_ups1_2fmol_r2,2,110714_yeast_ups1_2fmol_r2,NA
sp|P40893|REE1_YEAST,VTLETDEK,28,36,2,NA,NA,L,110714_yeast_ups1_2fmol_r3,3,110714_yeast_ups1_2fmol_r3,NA
sp|P41797|HSP71_CANAL,FEELC[57.0215]ADLFR,301,311,2,NA,NA,L,110714_yeast_ups1_2fmol_r1,1,110714_yeast_ups1_2fmol_r1,NA
sp|P41797|HSP71_CANAL,FEELC[57.0215]ADLFR,301,311,2,NA,NA,L,110714_yeast_ups1_2fmol_r2,2,110714_yeast_ups1_2fmol_r2,5886956.5
sp|P41797|HSP71_CANAL,FEELC[57.0215]ADLFR,301,311,2,NA,NA,L,110714_yeast_ups1_2fmol_r3,3,110714_yeast_ups1_2fmol_r3,NA
sp|P42943|TCPH_YEAST,FVWEPALVK,495,504,2,NA,NA,L,110714_yeast_ups1_2fmol_r1,1,110714_yeast_ups1_2fmol_r1,1889087.0
sp|P42943|TCPH_YEAST,FVWEPALVK,495,504,2,NA,NA,L,110714_yeast_ups1_2fmol_r2,2,110714_yeast_ups1_2fmol_r2,NA
sp|P42943|TCPH_YEAST,FVWEPALVK,495,504,2,NA,NA,L,110714_yeast_ups1_2fmol_r3,3,110714_yeast_ups1_2fmol_r3,NA
sp|P46655|SYEC_YEAST,ANFEIDLPDAK,188,199,2,NA,NA,L,110714_yeast_ups1_2fmol_r1,1,110714_yeast_ups1_2fmol_r1,NA
sp|P46655|SYEC_YEAST,ANFEIDLPDAK,188,199,2,NA,NA,L,110714_yeast_ups1_2fmol_r2,2,110714_yeast_ups1_2fmol_r2,1792064.2
sp|P46655|SYEC_YEAST,ANFEIDLPDAK,188,199,2,NA,NA,L,110714_yeast_ups1_2fmol_r3,3,110714_yeast_ups1_2fmol_r3,NA
sp|P46655|SYEC_YEAST,YSAADVAC[57.0215]WGALR,117,130,2,NA,NA,L,110714_yeast_ups1_2fmol_r1,1,110714_yeast_ups1_2fmol_r1,365138.47
sp|P46655|SYEC_YEAST,YSAADVAC[57.0215]WGALR,117,130,2,NA,NA,L,110714_yeast_ups1_2fmol_r2,2,110714_yeast_ups1_2fmol_r2,NA
sp|P46655|SYEC_YEAST,YSAADVAC[57.0215]WGALR,117,130,2,NA,NA,L,110714_yeast_ups1_2fmol_r3,3,110714_yeast_ups1_2fmol_r3,NA
sp|P53303|ZPR1_YEAST,NC[57.0215]EIQPASQIQEK,90,103,2,NA,NA,L,110714_yeast_ups1_2fmol_r1,1,110714_yeast_ups1_2fmol_r1,1845408.4
sp|P53303|ZPR1_YEAST,NC[57.0215]EIQPASQIQEK,90,103,2,NA,NA,L,110714_yeast_ups1_2fmol_r2,2,110714_yeast_ups1_2fmol_r2,NA
sp|P53303|ZPR1_YEAST,NC[57.0215]EIQPASQIQEK,90,103,2,NA,NA,L,110714_yeast_ups1_2fmol_r3,3,110714_yeast_ups1_2fmol_r3,NA
sp|P53622|COPA_YEAST,MQNIAQTR,723,731,2,NA,NA,L,110714_yeast_ups1_2fmol_r1,1,110714_yeast_ups1_2fmol_r1,NA
sp|P53622|COPA_YEAST,MQNIAQTR,723,731,2,NA,NA,L,110714_yeast_ups1_2fmol_r2,2,110714_yeast_ups1_2fmol_r2,813420.6
sp|P53622|COPA_YEAST,MQNIAQTR,723,731,2,NA,NA,L,110714_yeast_ups1_2fmol_r3,3,110714_yeast_ups1_2fmol_r3,NA
sp|P53839|GOR1_YEAST,GAVIDEQAMTDALR,255,269,2,NA,NA,L,110714_yeast_ups1_2fmol_r1,1,110714_yeast_ups1_2fmol_r1,763810.0
sp|P53839|GOR1_YEAST,GAVIDEQAMTDALR,255,269,2,NA,NA,L,110714_yeast_ups1_2fmol_r2,2,110714_yeast_ups1_2fmol_r2,NA
sp|P53839|GOR1_YEAST,GAVIDEQAMTDALR,255,269,2,NA,NA,L,110714_yeast_ups1_2fmol_r3,3,110714_yeast_ups1_2fmol_r3,NA
sp|P54115|ALDH6_YEAST,LAFTGSTEVGK,245,256,2,NA,NA,L,110714_yeast_ups1_2fmol_r1,1,110714_yeast_ups1_2fmol_r1,NA
sp|P54115|ALDH6_YEAST,LAFTGSTEVGK,245,256,2,NA,NA,L,110714_yeast_ups1_2fmol_r2,2,110714_yeast_ups1_2fmol_r2,2.9511916E7
sp|P54115|ALDH6_YEAST,LAFTGSTEVGK,245,256,2,NA,NA,L,110714_yeast_ups1_2fmol_r3,3,110714_yeast_ups1_2fmol_r3,NA
sp|Q02608|RT16_YEAST,AGILNDAWATSK,93,105,2,NA,NA,L,110714_yeast_ups1_2fmol_r1,1,110714_yeast_ups1_2fmol_r1,NA
sp|Q02608|RT16_YEAST,AGILNDAWATSK,93,105,2,NA,NA,L,110714_yeast_ups1_2fmol_r2,2,110714_yeast_ups1_2fmol_r2,NA
sp|Q02608|RT16_YEAST,AGILNDAWATSK,93,105,2,NA,NA,L,110714_yeast_ups1_2fmol_r3,3,110714_yeast_ups1_2fmol_r3,806871.4
sp|Q03215|PFKA1_KLULA,AFVVEVMGR,370,379,2,NA,NA,L,110714_yeast_ups1_2fmol_r1,1,110714_yeast_ups1_2fmol_r1,NA
sp|Q03215|PFKA1_KLULA,AFVVEVMGR,370,379,2,NA,NA,L,110714_yeast_ups1_2fmol_r2,2,110714_yeast_ups1_2fmol_r2,NA
sp|Q03215|PFKA1_KLULA,AFVVEVMGR,370,379,2,NA,NA,L,110714_yeast_ups1_2fmol_r3,3,110714_yeast_ups1_2fmol_r3,3920620.5
sp|Q04336|YM54_YEAST,SSVATTASTESSEQGPK,956,973,2,NA,NA,L,110714_yeast_ups1_2fmol_r1,1,110714_yeast_ups1_2fmol_r1,716549.2
sp|Q04336|YM54_YEAST,SSVATTASTESSEQGPK,956,973,2,NA,NA,L,110714_yeast_ups1_2fmol_r2,2,110714_yeast_ups1_2fmol_r2,NA
sp|Q04336|YM54_YEAST,SSVATTASTESSEQGPK,956,973,2,NA,NA,L,110714_yeast_ups1_2fmol_r3,3,110714_yeast_ups1_2fmol_r3,NA
sp|Q04947|RTN1_YEAST,SC[57.0215]NC[57.0215]DLLLWR,18,28,2,NA,NA,L,110714_yeast_ups1_2fmol_r1,1,110714_yeast_ups1_2fmol_r1,4220702.0
sp|Q04947|RTN1_YEAST,SC[57.0215]NC[57.0215]DLLLWR,18,28,2,NA,NA,L,110714_yeast_ups1_2fmol_r2,2,110714_yeast_ups1_2fmol_r2,NA
sp|Q04947|RTN1_YEAST,SC[57.0215]NC[57.0215]DLLLWR,18,28,2,NA,NA,L,110714_yeast_ups1_2fmol_r3,3,110714_yeast_ups1_2fmol_r3,NA
sp|Q05788|PNPH_YEAST,NLIVTNAAGGINAK,128,142,2,NA,NA,L,110714_yeast_ups1_2fmol_r1,1,110714_yeast_ups1_2fmol_r1,NA
sp|Q05788|PNPH_YEAST,NLIVTNAAGGINAK,128,142,2,NA,NA,L,110714_yeast_ups1_2fmol_r2,2,110714_yeast_ups1_2fmol_r2,NA
sp|Q05788|PNPH_YEAST,NLIVTNAAGGINAK,128,142,2,NA,NA,L,110714_yeast_ups1_2fmol_r3,3,110714_yeast_ups1_2fmol_r3,1057087.6
sp|Q10426|RIK1_SCHPO,ILSAEER,142,149,2,NA,NA,L,110714_yeast_ups1_2fmol_r1,1,110714_yeast_ups1_2fmol_r1,NA
sp|Q10426|RIK1_SCHPO,ILSAEER,142,149,2,NA,NA,L,110714_yeast_ups1_2fmol_r2,2,110714_yeast_ups1_2fmol_r2,3.1747064E7
sp|Q10426|RIK1_SCHPO,ILSAEER,142,149,2,NA,NA,L,110714_yeast_ups1_2fmol_r3,3,110714_yeast_ups1_2fmol_r3,NA
sp|Q12408|NPC2_YEAST,IVEIPGEVPPGK,135,147,2,NA,NA,L,110714_yeast_ups1_2fmol_r1,1,110714_yeast_ups1_2fmol_r1,1890967.2
sp|Q12408|NPC2_YEAST,IVEIPGEVPPGK,135,147,2,NA,NA,L,110714_yeast_ups1_2fmol_r2,2,110714_yeast_ups1_2fmol_r2,NA
sp|Q12408|NPC2_YEAST,IVEIPGEVPPGK,135,147,2,NA,NA,L,110714_yeast_ups1_2fmol_r3,3,110714_yeast_ups1_2fmol_r3,NA
sp|Q12690|RL13A_YEAST,NQEIFDANVQR,105,116,2,NA,NA,L,110714_yeast_ups1_2fmol_r1,1,110714_yeast_ups1_2fmol_r1,NA
sp|Q12690|RL13A_YEAST,NQEIFDANVQR,105,116,2,NA,NA,L,110714_yeast_ups1_2fmol_r2,2,110714_yeast_ups1_2fmol_r2,2.7337058E7
sp|Q12690|RL13A_YEAST,NQEIFDANVQR,105,116,2,NA,NA,L,110714_yeast_ups1_2fmol_r3,3,110714_yeast_ups1_2fmol_r3,NA
sp|Q12726|HOSM_YARLI,VGIADTVGC[57.0215]ANPR,205,218,2,NA,NA,L,110714_yeast_ups1_2fmol_r1,1,110714_yeast_ups1_2fmol_r1,4754455.5
sp|Q12726|HOSM_YARLI,VGIADTVGC[57.0215]ANPR,205,218,2,NA,NA,L,110714_yeast_ups1_2fmol_r2,2,110714_yeast_ups1_2fmol_r2,NA
sp|Q12726|HOSM_YARLI,VGIADTVGC[57.0215]ANPR,205,218,2,NA,NA,L,110714_yeast_ups1_2fmol_r3,3,110714_yeast_ups1_2fmol_r3,NA
sp|Q3E772|LSO2_YEAST,AQMEQLEAEEASK,29,42,2,NA,NA,L,110714_yeast_ups1_2fmol_r1,1,110714_yeast_ups1_2fmol_r1,857225.44
sp|Q3E772|LSO2_YEAST,AQMEQLEAEEASK,29,42,2,NA,NA,L,110714_yeast_ups1_2fmol_r2,2,110714_yeast_ups1_2fmol_r2,NA
sp|Q3E772|LSO2_YEAST,AQMEQLEAEEASK,29,42,2,NA,NA,L,110714_yeast_ups1_2fmol_r3,3,110714_yeast_ups1_2fmol_r3,NA
sp|Q6BPI1|GSHR_DEBHA,VELTPVAIAAGR,342,354,2,NA,NA,L,110714_yeast_ups1_2fmol_r1,1,110714_yeast_ups1_2fmol_r1,5670865.5
sp|Q6BPI1|GSHR_DEBHA,VELTPVAIAAGR,342,354,2,NA,NA,L,110714_yeast_ups1_2fmol_r2,2,110714_yeast_ups1_2fmol_r2,NA
sp|Q6BPI1|GSHR_DEBHA,VELTPVAIAAGR,342,354,2,NA,NA,L,110714_yeast_ups1_2fmol_r3,3,110714_yeast_ups1_2fmol_r3,NA
sp|Q6FQQ6|IF4A_CANGA,APQALMLAPTR,91,102,2,NA,NA,L,110714_yeast_ups1_2fmol_r1,1,110714_yeast_ups1_2fmol_r1,NA
sp|Q6FQQ6|IF4A_CANGA,APQALMLAPTR,91,102,2,NA,NA,L,110714_yeast_ups1_2fmol_r2,2,110714_yeast_ups1_2fmol_r2,3.1385848E7
sp|Q6FQQ6|IF4A_CANGA,APQALMLAPTR,91,102,2,NA,NA,L,110714_yeast_ups1_2fmol_r3,3,110714_yeast_ups1_2fmol_r3,NA
sp|Q6FQY4|ENO2_CANGA,IGLDC[57.0215]ASSEFFK,244,256,2,NA,NA,L,110714_yeast_ups1_2fmol_r1,1,110714_yeast_ups1_2fmol_r1,2.5420918E7
sp|Q6FQY4|ENO2_CANGA,IGLDC[57.0215]ASSEFFK,244,256,2,NA,NA,L,110714_yeast_ups1_2fmol_r2,2,110714_yeast_ups1_2fmol_r2,NA
sp|Q6FQY4|ENO2_CANGA,IGLDC[57.0215]ASSEFFK,244,256,2,NA,NA,L,110714_yeast_ups1_2fmol_r3,3,110714_yeast_ups1_2fmol_r3,NA
sp|Q875Z2|EF2_NAUCC,GQVVSEEQRPGTPLFTVK,752,770,3,NA,NA,L,110714_yeast_ups1_2fmol_r1,1,110714_yeast_ups1_2fmol_r1,2.9932324E7
sp|Q875Z2|EF2_NAUCC,GQVVSEEQRPGTPLFTVK,752,770,3,NA,NA,L,110714_yeast_ups1_2fmol_r2,2,110714_yeast_ups1_2fmol_r2,NA
sp|Q875Z2|EF2_NAUCC,GQVVSEEQRPGTPLFTVK,752,770,3,NA,NA,L,110714_yeast_ups1_2fmol_r3,3,110714_yeast_ups1_2fmol_r3,NA
